url,status,last_check_time,last_success_time,success_streak,failure_streak,node_count
http://43.207.145.186:8080/clash/proxies,active,2025-09-01T15:14:16.960459+00:00,2025-09-01T15:14:16.960459+00:00,621,0,358
http://101.132.255.205:1234/clash/proxies,active,2025-09-01T15:14:16.960459+00:00,2025-09-01T15:14:16.960459+00:00,621,0,1
http://119.23.77.81:9008/clash/proxies,active,2025-09-01T15:14:16.960459+00:00,2025-09-01T15:14:16.960459+00:00,59,0,46
http://125.67.90.253:8002/clash/proxies,dead,2025-08-31T18:18:27.500600+00:00,,0,89,0
http://23.105.208.11/clash/proxies,active,2025-09-01T15:14:16.960459+00:00,2025-09-01T15:14:16.960459+00:00,621,0,1
https://168.138.189.245/clash/proxies,active,2025-09-01T15:14:16.960459+00:00,2025-09-01T15:14:16.960459+00:00,621,0,58
http://141.11.234.48:8080/clash/proxies,active,2025-09-01T15:14:16.960459+00:00,2025-09-01T15:14:16.960459+00:00,621,0,1
http://125.67.90.145:8002/clash/proxies,dead,2025-08-31T18:18:27.500600+00:00,,0,89,0
http://125.67.90.178:8002/clash/proxies,dead,2025-08-31T18:18:27.500600+00:00,,0,89,0
http://125.67.90.230:8002/clash/proxies,dead,2025-08-31T18:18:27.500600+00:00,,0,89,0
http://125.67.91.46:8002/clash/proxies,dead,2025-08-31T18:18:27.500600+00:00,,0,89,0
http://125.67.91.251:8002/clash/proxies,dead,2025-08-31T18:18:27.500600+00:00,,0,89,0
http://125.67.90.179:8002/clash/proxies,dead,2025-08-31T18:18:27.500600+00:00,,0,89,0
http://125.67.90.81:8002/clash/proxies,dead,2025-08-31T18:18:27.500600+00:00,,0,89,0
http://125.67.91.80:8002/clash/proxies,dead,2025-08-31T18:18:27.500600+00:00,,0,89,0
http://39.108.97.217:9008/clash/proxies,dead,2025-08-31T18:18:27.500600+00:00,,0,89,0
https://pxypool.131433.xyz/clash/proxies,active,2025-09-01T15:14:16.960459+00:00,2025-09-01T15:14:16.960459+00:00,621,0,11
https://qq.quain.top/clash/proxies,active,2025-09-01T15:14:16.960459+00:00,2025-09-01T15:14:16.960459+00:00,543,0,58
http://kiwi2.cgweb.top/clash/proxies,active,2025-09-01T15:14:16.960459+00:00,2025-09-01T15:14:16.960459+00:00,621,0,1
http://www.kiwi2.cgweb.top/clash/proxies,active,2025-09-01T15:14:16.960459+00:00,2025-09-01T15:14:16.960459+00:00,621,0,1
http://pp.dcd.one/clash/proxies,active,2025-09-01T15:14:16.960459+00:00,2025-09-01T15:14:16.960459+00:00,621,0,262
https://pp.dcd.one/clash/proxies,active,2025-09-01T15:14:16.960459+00:00,2025-09-01T15:14:16.960459+00:00,621,0,262
https://jich.tih2.eu.org/clash/proxies,active,2025-09-01T15:14:16.960459+00:00,2025-09-01T15:14:16.960459+00:00,175,0,234
http://194.32.144.180:8080/clash/proxies,dead,2025-08-31T18:18:27.500600+00:00,,0,89,0
http://dmnjpan.x3322.net:8090/clash/proxies,dead,2025-08-31T18:18:27.500600+00:00,,0,89,0
http://121.37.17.197:8090/clash/proxies,dead,2025-08-31T18:18:27.500600+00:00,,0,89,0
http://proxypool1999.banyunxiaoxi.icu/clash/proxies,dead,2025-08-31T18:18:27.500600+00:00,,0,89,0
http://125.67.90.239:8002/clash/proxies,dead,2025-08-31T18:18:27.500600+00:00,,0,89,0
http://125.67.90.195:8002/clash/proxies,dead,2025-08-31T18:18:27.500600+00:00,,0,89,0
http://125.67.90.57:8002/clash/proxies,dead,2025-08-31T18:18:27.500600+00:00,,0,89,0
http://125.67.90.42:8002/clash/proxies,dead,2025-08-31T18:18:27.500600+00:00,,0,89,0
http://125.67.90.45:8002/clash/proxies,dead,2025-08-31T18:18:27.500600+00:00,,0,89,0
http://125.67.90.43:8002/clash/proxies,dead,2025-08-31T18:18:27.500600+00:00,,0,89,0
http://proxy.kaobt.com/clash/proxies,dead,2025-08-31T18:18:27.500600+00:00,,0,89,0
http://vps.mireya.eu.org/clash/proxies,dead,2025-08-31T18:18:27.500600+00:00,,0,89,0
https://proxy.kaobt.com/clash/proxies,dead,2025-08-31T18:18:27.500600+00:00,,0,89,0
http://api.inccsc.com:8090/clash/proxies,dead,2025-08-31T18:18:27.500600+00:00,,0,89,0
http://222.208.72.77:8002/clash/proxies,dead,2025-08-31T18:18:27.500600+00:00,,0,89,0
http://61.188.84.232:8002/clash/proxies,dead,2025-08-31T18:18:27.500600+00:00,,0,89,0
http://61.188.84.65:8002/clash/proxies,dead,2025-08-31T18:18:27.500600+00:00,,0,89,0
http://182.129.223.249:8002/clash/proxies,dead,2025-08-31T18:18:27.500600+00:00,,0,89,0
http://182.129.223.178:8002/clash/proxies,dead,2025-08-31T18:18:27.500600+00:00,,0,89,0
http://182.135.217.192:880/clash/proxies,dead,2025-08-31T18:18:27.500600+00:00,,0,89,0
http://182.141.50.100:8002/clash/proxies,dead,2025-08-31T18:18:27.500600+00:00,,0,89,0
http://61.188.84.15:8002/clash/proxies,dead,2025-08-31T18:18:27.500600+00:00,,0,89,0
https://kr521.dynv6.net:9041/clash/proxies,dead,2025-08-31T18:18:27.500600+00:00,,0,89,0
https://222.129.32.168:9041/clash/proxies,dead,2025-08-31T18:18:27.500600+00:00,,0,89,0
http://182.129.223.127:8002/clash/proxies,dead,2025-08-31T18:18:27.500600+00:00,,0,89,0
http://222.208.72.204:8002/clash/proxies,dead,2025-08-31T18:18:27.500600+00:00,,0,89,0
http://61.188.85.143:8002/clash/proxies,dead,2025-08-31T18:18:27.500600+00:00,,0,89,0
http://222.208.72.112:8002/clash/proxies,dead,2025-08-31T18:18:27.500600+00:00,,0,89,0
http://61.188.84.33:8002/clash/proxies,dead,2025-08-31T18:18:27.500600+00:00,,0,89,0
http://222.208.72.109:8002/clash/proxies,dead,2025-08-31T18:18:27.500600+00:00,,0,89,0
http://222.208.72.220:8002/clash/proxies,dead,2025-08-31T18:18:27.500600+00:00,,0,89,0
http://182.129.223.82:8002/clash/proxies,dead,2025-08-31T18:18:27.500600+00:00,,0,89,0
http://61.188.85.94:8002/clash/proxies,dead,2025-08-31T18:18:27.500600+00:00,,0,89,0
https://free.kingfu.top/clash/proxies,active,2025-09-01T15:14:16.960459+00:00,2025-09-01T15:14:16.960459+00:00,621,0,97
http://182.129.223.116:8002/clash/proxies,dead,2025-08-31T18:18:27.500600+00:00,,0,89,0
http://182.141.51.8:8002/clash/proxies,dead,2025-08-31T18:18:27.500600+00:00,,0,89,0
http://222.208.72.40:8002/clash/proxies,dead,2025-08-31T18:18:27.500600+00:00,,0,89,0
http://61.188.84.129:8002/clash/proxies,dead,2025-08-31T18:18:27.500600+00:00,,0,89,0
http://182.141.51.61:8002/clash/proxies,dead,2025-08-31T18:18:27.500600+00:00,,0,89,0
http://61.188.85.232:8002/clash/proxies,dead,2025-08-31T18:18:27.500600+00:00,,0,89,0
http://222.208.72.18:8002/clash/proxies,dead,2025-08-31T18:18:27.500600+00:00,,0,89,0
http://61.188.85.26:8002/clash/proxies,dead,2025-08-31T18:18:27.500600+00:00,,0,89,0
http://222.136.215.177:3003/clash/proxies,dead,2025-08-31T18:18:27.500600+00:00,,0,89,0
http://222.208.72.6:8002/clash/proxies,dead,2025-08-31T18:18:27.500600+00:00,,0,89,0
http://128.204.223.71:28080/clash/proxies,active,2025-09-01T15:14:16.960459+00:00,2025-09-01T15:14:16.960459+00:00,151,0,550
http://61.188.84.139:8002/clash/proxies,dead,2025-08-31T18:18:27.500600+00:00,,0,89,0
http://61.188.85.150:8002/clash/proxies,dead,2025-08-31T18:18:27.500600+00:00,,0,89,0
http://182.141.51.238:8002/clash/proxies,dead,2025-08-31T18:18:27.500600+00:00,,0,89,0
http://proxypoolabc.andyc.eu.org/clash/proxies,dead,2025-08-31T18:18:27.500600+00:00,,0,89,0
https://proxypoolabc.andyc.eu.org/clash/proxies,dead,2025-08-31T18:18:27.500600+00:00,,0,89,0
http://182.129.223.141:8002/clash/proxies,dead,2025-08-31T18:18:27.500600+00:00,,0,89,0
http://222.208.72.138:8002/clash/proxies,dead,2025-08-31T18:18:27.500600+00:00,,0,89,0
http://222.208.72.113:8002/clash/proxies,dead,2025-08-31T18:18:27.500600+00:00,,0,89,0
http://61.188.84.162:8002/clash/proxies,dead,2025-08-31T18:18:27.500600+00:00,,0,89,0
https://www.wuyu.rr.nu/clash/proxies,dead,2025-08-31T18:18:27.500600+00:00,,0,89,0
https://wuyu.rr.nu/clash/proxies,dead,2025-08-31T18:18:27.500600+00:00,,0,89,0
http://sub.networkline.top/clash/proxies,dead,2025-08-31T18:18:27.500600+00:00,,0,89,0
https://sub.networkline.top/clash/proxies,dead,2025-08-31T18:18:27.500600+00:00,,0,89,0
http://125.67.249.242:880/clash/proxies,dead,2025-08-31T18:18:27.500600+00:00,,0,89,0
http://91.185.189.19:28080/clash/proxies,active,2025-09-01T15:14:16.960459+00:00,2025-09-01T15:14:16.960459+00:00,151,0,550
https://222.129.34.27:9041/clash/proxies,dead,2025-08-31T18:18:27.500600+00:00,,0,89,0
https://proxy.cgtall.com/clash/proxies,dead,2025-08-31T18:18:27.500600+00:00,,0,89,0
http://proxy.cgtall.com/clash/proxies,dead,2025-08-31T18:18:27.500600+00:00,,0,89,0
http://104.225.158.134/clash/proxies,dead,2025-08-31T18:18:27.500600+00:00,,0,89,0
http://113.76.150.111:8090/clash/proxies,dead,2025-08-31T18:18:27.500600+00:00,,0,89,0
http://61.188.84.251:8002/clash/proxies,dead,2025-08-31T18:18:27.500600+00:00,,0,89,0
http://182.129.223.146:8002/clash/proxies,dead,2025-08-31T18:18:27.500600+00:00,,0,89,0
http://182.141.51.160:8002/clash/proxies,dead,2025-08-31T18:18:27.500600+00:00,,0,89,0
http://61.188.85.88:8002/clash/proxies,dead,2025-08-31T18:18:27.500600+00:00,,0,89,0
http://182.129.223.150:8002/clash/proxies,dead,2025-08-31T18:18:27.500600+00:00,,0,89,0
http://222.208.72.53:8002/clash/proxies,dead,2025-08-31T18:18:27.500600+00:00,,0,89,0
http://222.208.72.56:8002/clash/proxies,dead,2025-08-31T18:18:27.500600+00:00,,0,89,0
http://182.141.51.70:8002/clash/proxies,dead,2025-08-31T18:18:27.500600+00:00,,0,89,0
http://107.182.176.86/clash/proxies,dead,2025-08-31T18:18:27.500600+00:00,,0,89,0
http://61.188.84.84:8002/clash/proxies,dead,2025-08-31T18:18:27.500600+00:00,,0,89,0
http://182.141.50.104:8002/clash/proxies,dead,2025-08-31T18:18:27.500600+00:00,,0,89,0
http://182.129.223.144:8002/clash/proxies,dead,2025-08-31T18:18:27.500600+00:00,,0,89,0
https://pp.jfan.eu.org:12581/clash/proxies,dead,2025-08-31T18:18:27.500600+00:00,,0,89,0
https://58.56.82.238:12581/clash/proxies,dead,2025-08-31T18:18:27.500600+00:00,,0,89,0
https://120.192.28.180:12581/clash/proxies,dead,2025-08-31T18:18:27.500600+00:00,,0,89,0
http://107.173.140.25:12581/clash/proxies,active,2025-09-01T15:14:16.960459+00:00,2025-09-01T15:14:16.960459+00:00,33,0,506
http://158.247.231.244:12581/clash/proxies,dead,2025-08-31T18:18:27.500600+00:00,,0,89,0
http://23.94.43.248:12581/clash/proxies,active,2025-09-01T15:14:16.960459+00:00,2025-09-01T15:14:16.960459+00:00,15,0,382
http://182.135.217.149:880/clash/proxies,dead,2025-08-31T18:18:27.500600+00:00,,0,89,0
http://222.208.72.14:8002/clash/proxies,dead,2025-08-31T18:18:27.500600+00:00,,0,89,0
http://222.208.72.4:8002/clash/proxies,dead,2025-08-31T18:18:27.500600+00:00,,0,89,0
http://182.141.50.244:8002/clash/proxies,dead,2025-08-31T18:18:27.500600+00:00,,0,89,0
http://61.188.85.36:8002/clash/proxies,dead,2025-08-31T18:18:27.500600+00:00,,0,89,0
http://clash.huiwg.cn/clash/proxies,dead,2025-08-31T18:18:27.500600+00:00,,0,89,0
https://50.114.40.54/clash/proxies,dead,2025-08-31T18:18:27.500600+00:00,,0,89,0
http://222.208.72.207:8002/clash/proxies,dead,2025-08-31T18:18:27.500600+00:00,,0,89,0
http://222.208.72.203:8002/clash/proxies,dead,2025-08-31T18:18:27.500600+00:00,,0,89,0
http://61.188.85.223:8002/clash/proxies,dead,2025-08-31T18:18:27.500600+00:00,,0,89,0
http://182.141.50.221:8002/clash/proxies,dead,2025-08-31T18:18:27.500600+00:00,,0,89,0
https://50.114.40.59/clash/proxies,dead,2025-08-31T18:18:27.500600+00:00,,0,89,0
https://50.114.40.55/clash/proxies,dead,2025-08-31T18:18:27.500600+00:00,,0,89,0
https://50.114.40.53/clash/proxies,dead,2025-08-31T18:18:27.500600+00:00,,0,89,0
http://dls.frpfrp.xyz/clash/proxies,dead,2025-08-31T18:18:27.500600+00:00,,0,89,0
https://dls.frpfrp.xyz/clash/proxies,dead,2025-08-31T18:18:27.500600+00:00,,0,89,0
https://50.114.40.51/clash/proxies,dead,2025-08-31T18:18:27.500600+00:00,,0,89,0
https://50.114.40.56/clash/proxies,dead,2025-08-31T18:18:27.500600+00:00,,0,89,0
https://50.114.40.57/clash/proxies,dead,2025-08-31T18:18:27.500600+00:00,,0,89,0
http://222.142.122.83:3003/clash/proxies,dead,2025-08-31T18:18:27.500600+00:00,,0,89,0
http://182.141.50.4:8002/clash/proxies,dead,2025-08-31T18:18:27.500600+00:00,,0,89,0
http://182.129.223.154:8002/clash/proxies,dead,2025-08-31T18:18:27.500600+00:00,,0,89,0
http://182.129.223.209:8002/clash/proxies,dead,2025-08-31T18:18:27.500600+00:00,,0,89,0
http://182.129.223.20:8002/clash/proxies,dead,2025-08-31T18:18:27.500600+00:00,,0,89,0
http://222.208.72.28:8002/clash/proxies,dead,2025-08-31T18:18:27.500600+00:00,,0,89,0
http://61.188.85.116:8002/clash/proxies,dead,2025-08-31T18:18:27.500600+00:00,,0,89,0
http://182.141.51.169:8002/clash/proxies,dead,2025-08-31T18:18:27.500600+00:00,,0,89,0
http://125.67.248.39:880/clash/proxies,dead,2025-08-31T18:18:27.500600+00:00,,0,89,0
http://221.14.237.62:3003/clash/proxies,dead,2025-08-31T18:18:27.500600+00:00,,0,89,0
http://182.129.223.27:8002/clash/proxies,dead,2025-08-31T18:18:27.500600+00:00,,0,89,0
http://182.129.223.205:8002/clash/proxies,dead,2025-08-31T18:18:27.500600+00:00,,0,89,0
http://182.141.50.255:8002/clash/proxies,dead,2025-08-31T18:18:27.500600+00:00,,0,89,0
http://61.188.85.20:8002/clash/proxies,dead,2025-08-31T18:18:27.500600+00:00,,0,89,0
http://182.141.51.223:8002/clash/proxies,dead,2025-08-31T18:18:27.500600+00:00,,0,89,0
http://222.208.72.95:8002/clash/proxies,dead,2025-08-31T18:18:27.500600+00:00,,0,89,0
http://61.188.85.23:8002/clash/proxies,dead,2025-08-31T18:18:27.500600+00:00,,0,89,0
http://61.188.85.131:8002/clash/proxies,dead,2025-08-31T18:18:27.500600+00:00,,0,89,0
http://60.27.20.206:12580/clash/proxies,dead,2025-08-31T18:18:27.500600+00:00,,0,89,0
http://67.198.228.238:12580/clash/proxies,active,2025-09-01T15:14:16.960459+00:00,2025-09-01T15:14:16.960459+00:00,7,0,292
http://138.2.112.136:12580/clash/proxies,active,2025-09-01T15:14:16.960459+00:00,2025-09-01T15:14:16.960459+00:00,24,0,52
http://125.121.235.222:12580/clash/proxies,dead,2025-08-31T18:18:27.500600+00:00,,0,89,0
http://168.138.213.241:12580/clash/proxies,active,2025-09-01T15:14:16.960459+00:00,2025-09-01T15:14:16.960459+00:00,7,0,1
http://140.238.31.152:12580/clash/proxies,active,2025-09-01T15:14:16.960459+00:00,2025-09-01T15:14:16.960459+00:00,15,0,101
http://155.248.172.106:12580/clash/proxies,active,2025-09-01T15:14:16.960459+00:00,2025-09-01T15:14:16.960459+00:00,7,0,294
https://clash.huiwg.cn/clash/proxies,dead,2025-08-31T18:18:27.500600+00:00,,0,89,0
http://125.121.36.186:12580/clash/proxies,dead,2025-08-31T18:18:27.500600+00:00,,0,89,0
http://165.154.105.225:12580/clash/proxies,active,2025-09-01T15:14:16.960459+00:00,2025-09-01T15:14:16.960459+00:00,24,0,401
http://152.67.235.12:12580/clash/proxies,dead,2025-08-31T18:18:27.500600+00:00,,0,89,0
http://165.154.23.194:12580/clash/proxies,dead,2025-08-31T18:18:27.500600+00:00,,0,89,0
http://175.178.182.178:12580/clash/proxies,dead,2025-08-31T18:18:27.500600+00:00,,0,89,0
http://139.28.232.96:12580/clash/proxies,dead,2025-08-31T18:18:27.500600+00:00,,0,89,0
http://168.138.189.245:12580/clash/proxies,active,2025-09-01T15:14:16.960459+00:00,2025-09-01T15:14:16.960459+00:00,15,0,58
http://150.230.195.209:12580/clash/proxies,active,2025-09-01T15:14:16.960459+00:00,2025-09-01T15:14:16.960459+00:00,7,0,1
http://158.247.231.244:12580/clash/proxies,dead,2025-08-31T18:18:27.500600+00:00,,0,89,0
http://175.0.80.181:12580/clash/proxies,dead,2025-08-31T18:18:27.500600+00:00,,0,89,0
http://183.158.78.17:12580/clash/proxies,dead,2025-08-31T18:18:27.500600+00:00,,0,89,0
http://141.147.161.50:12580/clash/proxies,active,2025-09-01T15:14:16.960459+00:00,2025-09-01T15:14:16.960459+00:00,7,0,195
http://176.126.114.231:12580/clash/proxies,active,2025-09-01T15:14:16.960459+00:00,2025-09-01T15:14:16.960459+00:00,7,0,11
http://122.233.34.71:12580/clash/proxies,dead,2025-08-31T18:18:27.500600+00:00,,0,89,0
http://122.233.35.74:12580/clash/proxies,dead,2025-08-31T18:18:27.500600+00:00,,0,89,0
http://158.180.234.237:12580/clash/proxies,active,2025-09-01T15:14:16.960459+00:00,2025-09-01T15:14:16.960459+00:00,7,0,1
http://66.42.50.118:12580/clash/proxies,active,2025-09-01T15:14:16.960459+00:00,2025-09-01T15:14:16.960459+00:00,7,0,127
http://104.168.244.47:12580/clash/proxies,dead,2025-08-31T18:18:27.500600+00:00,,0,89,0
http://182.135.216.133:880/clash/proxies,dead,2025-08-31T18:18:27.500600+00:00,,0,89,0
http://61.188.84.56:8002/clash/proxies,dead,2025-08-31T18:18:27.500600+00:00,,0,89,0
http://222.208.72.212:8002/clash/proxies,dead,2025-08-31T18:18:27.500600+00:00,,0,89,0
http://182.129.223.173:8002/clash/proxies,dead,2025-08-31T18:18:27.500600+00:00,,0,89,0
http://182.141.50.64:8002/clash/proxies,dead,2025-08-31T18:18:27.500600+00:00,,0,89,0
http://222.208.72.172:8002/clash/proxies,dead,2025-08-31T18:18:27.500600+00:00,,0,89,0
http://61.188.84.155:8002/clash/proxies,dead,2025-08-31T18:18:27.500600+00:00,,0,89,0
http://182.129.223.61:8002/clash/proxies,dead,2025-08-31T18:18:27.500600+00:00,,0,89,0
http://182.141.50.11:8002/clash/proxies,dead,2025-08-31T18:18:27.500600+00:00,,0,89,0
http://61.188.84.45:8002/clash/proxies,dead,2025-08-31T18:18:27.500600+00:00,,0,89,0
http://182.129.223.109:8002/clash/proxies,dead,2025-08-31T18:18:27.500600+00:00,,0,89,0
http://222.208.72.192:8002/clash/proxies,dead,2025-08-31T18:18:27.500600+00:00,,0,89,0
http://222.208.72.230:8002/clash/proxies,dead,2025-08-31T18:18:27.500600+00:00,,0,89,0
http://154.44.24.88/clash/proxies,dead,2025-08-31T18:18:27.500600+00:00,,0,89,0
http://json.cloud94.cn:12123/clash/proxies,dead,2025-08-31T18:18:27.500600+00:00,,0,89,0
http://101.43.125.246:12123/clash/proxies,dead,2025-08-31T18:18:27.500600+00:00,,0,89,0
http://222.208.72.35:8002/clash/proxies,dead,2025-08-31T18:18:27.500600+00:00,,0,89,0
http://222.208.72.36:8002/clash/proxies,dead,2025-08-31T18:18:27.500600+00:00,,0,89,0
http://182.129.223.124:8002/clash/proxies,dead,2025-08-31T18:18:27.500600+00:00,,0,89,0
http://182.141.51.62:8002/clash/proxies,dead,2025-08-31T18:18:27.500600+00:00,,0,89,0
https://139.28.232.96/clash/proxies,dead,2025-08-31T18:18:27.500600+00:00,,0,89,0
http://61.188.84.8:8002/clash/proxies,dead,2025-08-31T18:18:27.500600+00:00,,0,89,0
http://61.188.84.5:8002/clash/proxies,dead,2025-08-31T18:18:27.500600+00:00,,0,89,0
https://proxy.crazygeeky.com/clash/proxies,dead,2025-09-01T01:18:53.557570+00:00,2025-08-12T03:46:07.572007+00:00,0,36,40
http://182.129.223.211:8002/clash/proxies,dead,2025-08-31T18:18:27.500600+00:00,,0,89,0
https://222.129.39.82:9041/clash/proxies,dead,2025-08-31T18:18:27.500600+00:00,,0,89,0
http://182.141.51.188:8002/clash/proxies,dead,2025-08-31T18:18:27.500600+00:00,,0,89,0
https://www.quain.top/clash/proxies,dead,2025-08-31T18:18:27.500600+00:00,,0,89,0
http://222.208.72.104:8002/clash/proxies,dead,2025-08-31T18:18:27.500600+00:00,,0,89,0
http://222.208.72.110:8002/clash/proxies,dead,2025-08-31T18:18:27.500600+00:00,,0,89,0
http://182.129.223.242:8002/clash/proxies,dead,2025-08-31T18:18:27.500600+00:00,,0,89,0
http://182.141.50.24:8002/clash/proxies,dead,2025-08-31T18:18:27.500600+00:00,,0,89,0
http://61.188.85.9:8002/clash/proxies,dead,2025-08-31T18:18:27.500600+00:00,,0,89,0
http://61.188.85.35:8002/clash/proxies,dead,2025-08-31T18:18:27.500600+00:00,,0,89,0
http://182.141.50.182:8002/clash/proxies,dead,2025-08-31T18:18:27.500600+00:00,,0,89,0
http://hk.dstds.top/clash/proxies,dead,2025-08-31T18:18:27.500600+00:00,,0,89,0
https://hk.dstds.top/clash/proxies,dead,2025-08-31T18:18:27.500600+00:00,,0,89,0
http://154.44.24.88:8888/clash/proxies,dead,2025-08-31T18:18:27.500600+00:00,,0,89,0
http://61.188.85.253:8002/clash/proxies,dead,2025-08-31T18:18:27.500600+00:00,,0,89,0
http://182.141.51.109:8002/clash/proxies,dead,2025-08-31T18:18:27.500600+00:00,,0,89,0
http://182.141.50.122:8002/clash/proxies,dead,2025-08-31T18:18:27.500600+00:00,,0,89,0
http://182.141.51.236:8002/clash/proxies,dead,2025-08-31T18:18:27.500600+00:00,,0,89,0
http://61.188.85.44:8002/clash/proxies,dead,2025-08-31T18:18:27.500600+00:00,,0,89,0
http://182.129.223.22:8002/clash/proxies,dead,2025-08-31T18:18:27.500600+00:00,,0,89,0
http://61.188.84.225:8002/clash/proxies,dead,2025-08-31T18:18:27.500600+00:00,,0,89,0
http://222.208.72.91:8002/clash/proxies,dead,2025-08-31T18:18:27.500600+00:00,,0,89,0
http://222.208.72.184:8002/clash/proxies,dead,2025-08-31T18:18:27.500600+00:00,,0,89,0
http://123.114.31.113:1234/clash/proxies,dead,2025-08-31T18:18:27.500600+00:00,,0,89,0
https://clash.quain.top/clash/proxies,dead,2025-08-31T18:18:27.500600+00:00,,0,89,0
http://222.208.72.209:8002/clash/proxies,dead,2025-08-31T18:18:27.500600+00:00,,0,89,0
http://182.141.50.184:8002/clash/proxies,dead,2025-08-31T18:18:27.500600+00:00,,0,89,0
http://61.188.85.156:8002/clash/proxies,dead,2025-08-31T18:18:27.500600+00:00,,0,89,0
http://61.188.84.9:8002/clash/proxies,dead,2025-08-31T18:18:27.500600+00:00,,0,89,0
http://182.141.50.50:8002/clash/proxies,dead,2025-08-31T18:18:27.500600+00:00,,0,89,0
http://222.208.72.222:8002/clash/proxies,dead,2025-08-31T18:18:27.500600+00:00,,0,89,0
http://182.141.51.212:8002/clash/proxies,dead,2025-08-31T18:18:27.500600+00:00,,0,89,0
http://222.208.72.121:8002/clash/proxies,dead,2025-08-31T18:18:27.500600+00:00,,0,89,0
http://61.188.85.167:8002/clash/proxies,dead,2025-08-31T18:18:27.500600+00:00,,0,89,0
